quantile,threshold_total_likes,positive_rate,n_positive,n_negative
0.5,46.5,0.5,87,87
0.75,295.25,0.25287356321839083,44,130
0.9,1553.900000000002,0.10344827586206896,18,156
0.95,2828.1999999999944,0.05172413793103448,9,165
