quantile,threshold_total_likes,positive_rate,n_positive,n_negative
0.5,19.5,0.5,202,202
0.75,1514.75,0.25,101,303
0.9,14371.0,0.10148514851485149,41,363
0.95,59315.14999999998,0.05198019801980198,21,383
