model,accuracy,f1,precision,recall,auc
rf_bert,0.9456896551724139,0.9061292215417744,0.9421115567439097,0.8742857142857142,0.9703880070546738
mlp_mistral,0.9448275862068967,0.9025763548374716,0.9591325746599579,0.8571428571428571,0.9805291005291006
mlp_bert,0.939655172413793,0.8947505433909196,0.9408777744451369,0.8571428571428571,0.9746737213403881
xgboost_bert,0.9301724137931033,0.8804825369082001,0.9056710749191774,0.86,0.9754850088183421
rf_mistral,0.9293103448275863,0.8719654984676367,0.955224884169463,0.8057142857142857,0.9561904761904761
logreg_bert,0.9275862068965518,0.865538074460104,0.9750231481481482,0.78,0.9701940035273369
xgboost_mistral,0.921551724137931,0.8630464327997535,0.9077778951972502,0.8257142857142858,0.9601410934744268
logreg_mistral,0.8689655172413794,0.7206323366758938,1.0,0.5657142857142856,0.9819753086419754
